state,county,name,totpop,totpopc,urb800,urb25,wm09,wm1015,wm1625,wm2644,wm45,wf09,wf1015,wf1625,wf2644,wf45,ofptot,stot,totpop2,region1,region2,level,fips,statefip,wmtot,wftot,whtot,nwtot
1,10,"FAIRFIELD",38208,38208,0,0,5929,2863,3150,3663,2837,5442,2713,3464,3929,2985,957,276,38208,1,1,1,9001,9,18442,18533,36975,1233
1,30,"HARTFORD",42147,42147,3523,0,6412,3421,3779,4042,3047,5999,3139,4004,4179,3315,743,67,42147,1,1,1,9003,9,20701,20636,41337,810
1,50,"LITCHFIELD",41214,41214,0,0,6667,3203,3560,4029,2950,6238,2982,3822,4170,2890,656,47,41214,1,1,1,9005,9,20409,20102,40511,703
1,70,"MIDDLESEX",19847,19847,0,0,2847,1575,1628,1762,1681,2710,1593,1875,2044,1809,251,72,19847,1,1,1,9007,9,9493,10031,19524,323
1,90,"NEW HAVEN",32162,32162,4049,0,4642,2370,2866,3047,2435,4509,2372,3078,3214,2743,650,236,32162,1,1,1,9009,9,15360,15916,31276,886
1,110,"NEW LONDON",34883,34883,5150,0,5304,2554,2893,2995,2488,5087,2359,3247,3475,3036,1236,209,34883,1,1,1,9011,9,16234,17204,33438,1445
1,130,"TOLLAND",14319,14319,0,0,2255,1139,1181,1225,1158,2080,1108,1335,1371,1255,203,9,14319,1,1,1,9013,9,6958,7149,14107,212
1,150,"WINDHAM",28222,28222,0,0,3890,2283,2626,2417,2380,3671,1952,2736,2804,2794,634,35,28222,1,1,1,9015,9,13596,13957,27553,669
1,0,"CONNECTICUT",251002,251002,12722,0,37946,19408,21683,23180,18976,35736,18218,23561,25186,20827,5330,951,251002,1,1,2,9000,9,121193,123528,244721,6281
2,50,"CUMBERLAND",38208,38208,3704,0,6817,3104,3159,3987,2057,6622,2978,3073,4030,2091,290,0,38208,1,1,1,23005,23,19124,18794,37918,290
2,90,"HANCOCK",16358,16358,0,0,3204,1296,1402,1821,864,2921,1159,1415,1513,721,42,0,16358,1,1,1,23009,23,8587,7729,16316,42
2,110,"KENNEBEC",24571,24571,0,0,4869,1833,2031,2744,1095,4675,1806,1921,2506,922,169,0,24571,1,1,1,23011,23,12572,11830,24402,169
2,150,"LINCOLN",30225,30225,0,0,5684,2501,2667,3017,1676,5403,2277,2550,2782,1543,125,0,30225,1,1,1,23015,23,15545,14555,30100,125
2,290,"WASHINGTON",4461,4461,0,0,892,333,349,492,245,833,327,390,388,187,25,0,4461,1,1,1,23029,23,2311,2125,4436,25
2,310,"YORK",37896,37896,0,0,6504,3238,3292,3257,2402,6445,2791,3946,3277,2577,167,0,37896,1,1,1,23031,23,18693,19036,37729,167
2,0,"MAINE",151719,151719,3704,0,27970,12305,12900,15318,8339,26899,11338,13295,14496,8041,818,0,151719,1,1,2,23000,23,76832,74069,150901,818
3,10,"BARNSTABLE",19293,19293,0,0,3088,1455,1789,1675,1406,2840,1320,1878,1925,1654,263,0,19293,1,1,1,25001,25,9413,9617,19030,263
3,30,"BERKSHIRE",33885,33885,0,0,5671,2753,3120,3163,2187,5315,2672,3126,3259,2125,494,0,33885,1,1,1,25003,25,16894,16497,33391,494
3,50,"BRISTOL",33880,33880,4361,0,4991,2770,2721,2839,2624,4907,2708,3105,3279,3128,808,0,33880,1,1,1,25005,25,15945,17127,33072,808
3,70,"DUKES",3118,3118,0,0,398,206,259,249,274,377,219,326,308,291,202,0,3109,1,1,1,25007,25,1386,1521,2907,202
3,90,"ESSEX",61196,61196,25927,0,8662,4594,5565,5816,4169,8189,4348,6198,7006,5747,911,0,61205,1,1,1,25009,25,28806,31488,60294,911
3,150,"HAMPSHIRE",72432,72432,0,0,12017,5984,6316,6726,5143,11630,5505,6450,6981,5115,565,0,72432,1,1,1,25015,25,36186,35681,71867,565
3,170,"MIDDLESEX",46928,46928,0,0,6917,3551,4325,4393,3853,6653,3406,4445,4627,4288,470,0,46928,1,1,1,25017,25,23039,23419,46458,470
3,190,"NANTUCKET",5617,5617,5617,0,748,373,561,535,400,708,344,543,703,474,228,0,5617,1,1,1,25019,25,2617,2772,5389,228
3,210,"NORFOLK",27216,27216,0,0,3911,1960,2629,2695,2239,3649,1825,2550,2919,2513,326,0,27216,1,1,1,25021,25,13434,13456,26890,326
3,230,"PLYMOUTH",30073,30073,4458,0,4386,2308,2292,2715,2514,4314,2153,2743,3245,2946,457,0,30473,1,1,1,25023,25,14215,15401,29616,457
3,250,"SUFFOLK",28015,28015,24937,0,3429,1629,2741,3412,1601,3455,1691,3252,3448,2119,1238,0,28015,1,1,1,25025,25,12812,13965,26777,1238
3,270,"WORCESTER",61192,61192,0,0,9428,4915,5587,5511,4906,8883,4483,5875,6133,4981,490,0,61192,1,1,1,25027,25,30347,30355,60702,490
3,0,"MASSACHUSETTS",422845,422845,65300,0,63646,32498,37905,39729,31316,60920,30674,40491,43833,35381,6452,0,423245,1,1,2,25000,25,205094,211299,416393,6452
4,50,"CHESHIRE",38825,38825,0,0,6787,3229,3297,3796,2374,6510,3029,3457,4028,2206,112,0,38725,1,1,1,33005,33,19483,19230,38713,112
4,90,"GRAFTON",23093,23093,0,0,4187,1697,2078,2469,1340,4022,1596,2048,2317,1269,62,8,23093,1,1,1,33009,33,11771,11252,23023,70
4,110,"HILLSBOROUGH",43899,43899,0,0,7238,3775,4103,3968,2578,7055,3781,4432,4157,2607,205,0,43903,1,1,1,33011,33,21662,22032,43694,205
4,150,"ROCKINGHAM",45427,45427,5339,0,6910,3562,4138,4108,3358,6821,3419,4220,4638,3893,360,0,45427,1,1,1,33015,33,22076,22991,45067,360
4,170,"STRAFFORD",32614,32614,0,0,5572,2618,2763,3248,2065,5463,2368,2996,3241,2167,113,0,32614,1,1,1,33017,33,16266,16235,32501,113
4,0,"NEW HAMPSHIRE",183858,183858,5339,0,30694,14881,16379,17589,11715,29871,14193,17153,18381,12142,852,8,183762,1,1,2,33000,33,91258,91740,182998,860
5,10,"BRISTOL",3801,3801,0,0,575,296,311,355,236,479,264,357,437,299,145,46,3800,1,1,1,44001,44,1773,1836,3609,191
5,30,"KENT",8487,8487,0,0,1196,694,706,719,671,1093,611,815,843,712,407,20,8487,1,1,1,44003,44,3986,4074,8060,427
5,50,"NEWPORT",14845,14845,6739,0,2010,1054,1137,1205,1060,1995,968,1381,1543,1415,892,185,14845,1,1,1,44005,44,6466,7302,13768,1077
5,70,"PROVIDENCE",25854,25854,7614,0,3711,1929,2402,2323,1846,3575,1853,2483,2709,2047,971,6,25855,1,1,1,44007,44,12211,12667,24878,977
5,90,"WASHINGTON",16135,16135,0,0,2453,1379,1333,1183,1074,2382,1330,1427,1387,1174,889,124,16135,1,1,1,44009,44,7422,7700,15122,1013
5,0,"RHODE ISLAND",69122,69122,14353,0,9945,5352,5889,5785,4887,9524,5026,6463,6919,5647,3304,381,69122,1,1,2,44000,44,31858,33579,65437,3685
6,10,"ADDISON",13417,13417,0,0,2584,1010,1122,1573,630,2488,980,1079,1365,520,66,0,13417,1,1,1,50001,50,6919,6432,13351,66
6,30,"BENNINGTON",14617,14617,0,0,2606,1159,1424,1369,925,2539,1124,1290,1314,789,78,0,14617,1,1,1,50003,50,7483,7056,14539,78
6,50,"CALEDONIA",9377,9377,0,0,1865,601,836,1111,444,1791,605,784,980,344,16,0,9377,1,1,1,50005,50,4857,4504,9361,16
6,70,"CHITTENDEN",12778,12778,0,0,2444,988,1162,1467,565,2431,938,1023,1233,481,46,0,12778,1,1,1,50007,50,6626,6106,12732,46
6,90,"ESSEX",1479,1479,0,0,283,120,120,180,86,248,105,121,143,70,3,0,1479,1,1,1,50009,50,789,687,1476,3
6,110,"FRANKLIN",8782,8782,0,0,1737,673,801,1073,363,1630,657,707,849,272,20,0,8782,1,1,1,50011,50,4647,4115,8762,20
6,170,"ORANGE",18238,18238,0,0,3661,1348,1439,2045,860,3493,1237,1350,1928,791,86,0,18238,1,1,1,50017,50,9353,8799,18152,86
6,190,"ORLEANS",1439,1439,0,0,271,93,166,194,43,279,76,117,146,37,17,0,1439,1,1,1,50019,50,767,655,1422,17
6,210,"RUTLAND",23813,23813,0,0,4573,1864,2015,2440,1262,4348,1858,2017,2272,1074,90,0,23813,1,1,1,50021,50,12154,11569,23723,90
6,250,"WINDHAM",23581,23581,0,0,4265,1990,2006,2259,1485,4118,1766,2000,2293,1359,40,0,23581,1,1,1,50025,50,12005,11536,23541,40
6,270,"WINDSOR",26944,26944,0,0,5131,2200,2151,2833,1413,4907,2020,2118,2764,1312,95,0,26944,1,1,1,50027,50,13728,13121,26849,95
6,0,"VERMONT",154465,154465,0,0,29420,12046,13242,16544,8076,28272,11366,12606,15287,7049,557,0,154465,1,1,2,50000,50,79328,74580,153908,557
11,10,"KENT",19554,19554,0,0,2320,1229,1613,1311,494,2158,1127,1715,1299,557,4246,1485,19554,5,3,1,10001,10,6967,6856,13823,5731
11,30,"NEW CASTLE",25361,25361,0,0,3389,1963,1913,2144,1003,3033,2071,2043,2138,1072,2754,1838,25361,5,3,1,10003,10,10412,10357,20769,4592
11,50,"SUSSEX",19358,19358,0,0,2541,1245,1595,1557,716,2437,1079,1785,1544,761,1268,2830,19358,5,3,1,10005,10,7654,7606,15260,4098
11,0,"DELAWARE",64273,64273,0,0,8250,4437,5121,5012,2213,7628,4277,5543,4981,2390,8268,6153,64273,5,3,2,10000,10,25033,24819,49852,14421
12,30,"BERGEN",15156,15156,0,0,2087,920,665,1560,925,2048,1008,649,1410,857,202,2825,15956,2,1,1,34003,34,6157,5972,12129,3027
12,50,"BURLINGTON",21521,21521,0,0,3569,1637,1742,2229,1289,3459,1418,1933,2166,1121,770,188,21521,2,1,1,34005,34,10466,10097,20563,958
12,90,"CAPE MAY",3066,3066,0,0,487,242,334,264,197,449,227,272,279,137,80,98,3066,2,1,1,34009,34,1524,1364,2888,178
12,110,"CUMBERLAND",9529,9529,0,0,1672,783,844,961,453,1541,685,844,941,459,271,75,9529,2,1,1,34011,34,4713,4470,9183,346
12,130,"ESSEX",22269,22269,0,0,3343,1663,1928,2084,1285,3344,1718,1857,2088,1240,198,1521,22269,2,1,1,34013,34,10303,10247,20550,1719
12,150,"GLOUCESTER",16115,16115,0,0,2861,1332,1230,1578,936,2661,1169,1285,1511,845,646,61,16115,2,1,1,34015,34,7937,7471,15408,707
12,190,"HUNTERDON",21261,21261,0,0,3363,1558,1698,1872,1366,3031,1509,1929,1965,1230,520,1220,21261,2,1,1,34019,34,9857,9664,19521,1740
12,230,"MIDDLESEX",17890,17890,0,0,2819,1307,1419,1564,1088,2619,1278,1397,1577,995,263,1564,17890,2,1,1,34023,34,8197,7866,16063,1827
12,250,"MONMOUTH",19872,19872,0,0,3144,1353,1375,1864,1190,3106,1309,1412,1736,1282,468,1633,19872,2,1,1,34025,34,8926,8845,17771,2101
12,270,"MORRIS",17750,17750,0,0,2998,1318,1405,1563,1197,2905,1277,1564,1616,1032,100,775,17750,2,1,1,34027,34,8481,8394,16875,875
12,330,"SALEM",11371,11371,0,0,1759,946,856,1329,500,1876,745,895,1276,497,607,85,11371,2,1,1,34033,34,5390,5289,10679,692
12,350,"SOMERSET",12815,12815,0,0,1798,819,879,1027,822,1804,767,968,1115,778,175,1863,12815,2,1,1,34035,34,5345,5432,10777,2038
12,370,"SUSSEX",22534,22534,0,0,4080,1981,1926,2061,1381,3779,1717,2013,1853,1127,102,514,22534,2,1,1,34037,34,11429,10489,21918,616
12,0,"NEW JERSEY",211149,211149,0,0,33980,15859,16301,19956,12629,32622,14827,17018,19533,11600,4402,12422,211949,2,1,2,34000,34,98725,95600,194325,16824
13,10,"ALBANY",34043,34103,10578,0,5780,2552,2330,3631,2066,5622,2374,2146,3521,1860,353,1808,34043,2,1,1,36001,36,16359,15523,31882,2161
13,110,"CAYUGA",15871,15907,0,0,3340,1160,1286,1794,698,3189,1004,1350,1413,565,19,53,15871,2,1,1,36011,36,8278,7521,15799,72
13,170,"CHENANGO",15666,16087,0,0,2999,1314,1436,1942,679,2891,1038,1249,1528,534,40,16,15666,2,1,1,36017,36,8370,7240,15610,56
13,210,"COLUMBIA",35422,35472,3664,0,5232,2810,3560,3179,1889,5039,3082,3807,3176,1687,490,1471,35422,2,1,1,36021,36,16670,16791,33461,1961
13,250,"DELAWARE",10228,10228,0,0,1973,770,906,1075,582,1969,652,806,955,494,30,16,10228,2,1,1,36025,36,5306,4876,10182,46
13,270,"DUTCHESS",47775,47775,0,0,8007,3536,4389,4207,3022,7643,3148,4440,4134,2709,931,1609,47775,2,1,1,36027,36,23161,22074,45235,2540
13,390,"GREENE",12314,13074,0,0,2276,979,1062,1261,694,2132,901,923,1190,587,59,250,12314,2,1,1,36039,36,6272,5733,12005,309
13,430,"HERKIMER",14479,14503,0,0,2866,1132,1185,1736,664,2756,874,1121,1476,600,8,61,14479,2,1,1,36043,36,7583,6827,14410,69
13,470,"KINGS",5740,5740,0,0,668,304,310,439,300,570,274,376,391,297,332,1479,5740,2,1,1,36047,36,2021,1908,3929,1811
13,570,"MONTGOMERY",21700,22051,0,0,3975,1932,2181,2421,778,3695,1412,1713,2345,774,8,466,21700,2,1,1,36057,36,11287,9939,21226,474
13,610,"NEW YORK",60489,60515,60515,60515,8158,3279,4545,8114,2632,8134,3294,5260,7722,2984,3499,2868,60489,2,1,1,36061,36,26728,27394,54122,6367
13,650,"ONEIDA",22047,22258,0,0,4284,1675,2068,2744,984,4128,1442,1815,2005,779,73,50,22047,2,1,1,36065,36,11755,10169,21924,123
13,670,"ONONDAGA",7466,7698,0,0,1446,642,750,1005,305,1157,437,585,845,265,18,11,7466,2,1,1,36067,36,4148,3289,7437,29
13,690,"ONTARIO",15218,15218,0,0,3023,1143,1502,1991,582,2630,974,1195,1487,525,109,57,15218,2,1,1,36069,36,8241,6811,15052,166
13,710,"ORANGE",29355,29355,0,0,5004,2048,2759,2762,1690,4835,1960,2644,2521,1453,534,1145,29355,2,1,1,36071,36,14263,13413,27676,1679
13,770,"OTSEGO",21636,21343,0,0,4349,1652,1777,2416,1261,4116,1435,1671,1956,911,44,48,21636,2,1,1,36077,36,11455,10089,21544,92
13,810,"QUEENS",16891,16916,0,0,2211,1228,981,1442,1260,2022,989,1158,1487,1154,1431,1528,16891,2,1,1,36081,36,7122,6810,13932,2959
13,830,"RENSSELAER",30442,30351,0,0,5361,2539,2693,2772,1697,5262,2170,2681,2712,1552,113,890,30442,2,1,1,36083,36,15062,14377,29439,1003
13,850,"RICHMOND",4563,4564,0,0,708,293,262,394,281,647,270,295,385,270,83,675,4563,2,1,1,36085,36,1938,1867,3805,758
13,870,"ROCKLAND",6353,6353,0,0,975,422,481,628,428,918,406,459,597,420,68,551,6353,2,1,1,36087,36,2934,2800,5734,619
13,910,"SARATOGA",24483,24564,0,0,4860,2174,1673,2459,1324,4486,1982,1575,2416,1103,73,358,24483,2,1,1,36091,36,12490,11562,24052,431
13,950,"SCHOHARIE",9808,9808,0,0,1524,1041,777,994,625,1378,865,765,884,590,11,354,9808,2,1,1,36095,36,4961,4482,9443,365
13,1010,"STEUBEN",1788,1788,0,0,342,140,152,225,64,347,135,134,159,68,0,22,1788,2,1,1,36101,36,923,843,1766,22
13,1030,"SUFFOLK",19734,19735,0,0,2847,1491,1411,1828,1338,2749,1359,1599,1890,1320,1016,886,19734,2,1,1,36103,36,8915,8917,17832,1902
13,1070,"TIOGA",6879,7109,0,0,1299,612,610,739,342,1212,551,499,689,276,33,17,6879,2,1,1,36107,36,3602,3227,6829,50
13,1110,"ULSTER",24855,24855,0,0,3925,1736,2082,2171,1646,3841,1541,1946,2046,1328,336,2257,24855,2,1,1,36111,36,11560,10702,22262,2593
13,1150,"WASHINGTON",35574,35792,0,0,6810,2894,3065,3562,2011,6482,2623,2958,3287,1683,119,80,35574,2,1,1,36115,36,18342,17033,35375,199
13,1190,"WESTCHESTER",27428,27373,0,0,4440,2103,2305,2634,1719,4015,2123,2402,2357,1589,482,1259,27428,2,1,1,36119,36,13201,12486,25687,1741
13,8010,"CLINTON-ESSEX",8514,8516,0,0,1685,672,737,1029,382,1608,566,604,837,274,62,58,8514,2,1,1,,36,4505,3889,8394,120
13,0,"NEW YORK",586761,589051,74757,60515,100367,44273,49275,61594,31943,95473,39881,48176,56411,28651,10374,20343,586761,2,1,2,36000,36,287452,268592,556044,30717
14,10,"ADAMS",13172,13172,0,0,2302,1002,1163,1183,985,2152,975,1227,1040,840,189,114,13172,2,1,1,42001,42,6635,6234,12869,303
14,30,"ALLEGHENY",15087,15087,0,0,2814,1163,1345,1326,1053,2754,1009,1257,1311,720,256,79,15087,2,1,1,42003,42,7701,7051,14752,335
14,50,"ARMSTRONG",2399,2399,0,0,513,197,208,241,114,471,177,186,197,94,0,1,2399,2,1,1,42005,42,1273,1125,2398,1
14,70,"BEAVER",5776,5776,0,0,1118,422,499,554,364,1136,395,505,473,271,35,4,5776,2,1,1,42007,42,2957,2780,5737,39
14,90,"BEDFORD",12039,12039,0,0,2475,982,1062,924,811,2297,888,1070,902,599,24,5,12039,2,1,1,42009,42,6254,5756,12010,29
14,110,"BERKS",32407,32407,0,0,5934,2659,2598,3271,2002,5783,2425,2776,3056,1719,165,19,32407,2,1,1,42011,42,16464,15759,32223,184
14,170,"BUCKS",27496,27496,0,0,4753,2243,2296,2755,1853,4220,2205,2326,2567,1609,610,59,27496,2,1,1,42017,42,13900,12927,26827,669
14,190,"BUTLER",3916,3916,0,0,780,310,343,386,249,727,247,330,339,202,2,1,3916,2,1,1,42019,42,2068,1845,3913,3
14,290,"CHESTER",32093,32093,0,0,5117,2407,2852,3224,2323,4865,2201,2868,2963,2082,1145,46,32093,2,1,1,42029,42,15923,14979,30902,1191
14,390,"CRAWFORD",2346,2346,0,0,427,154,312,326,116,394,126,218,178,85,5,5,2346,2,1,1,42039,42,1335,1001,2336,10
14,410,"CUMBERLAND",25386,25386,0,0,4251,2347,2268,2267,1694,4188,2280,2144,2135,1255,329,228,25386,2,1,1,42041,42,12827,12002,24829,557
14,430,"DAUPHIN",22270,22270,0,0,4082,1955,1730,2465,1057,3804,1891,1783,2233,1011,166,93,22270,2,1,1,42043,42,11289,10722,22011,259
14,450,"DELAWARE",12809,12809,0,0,1958,1217,1221,1108,796,1808,1140,1055,1022,832,645,7,12809,2,1,1,42045,42,6300,5857,12157,652
14,490,"ERIE",1468,1468,0,0,270,67,199,236,56,258,58,159,110,36,17,2,1468,2,1,1,42049,42,828,621,1449,19
14,510,"FAYETTE",20159,20159,0,0,3799,1517,1935,1870,1214,3623,1397,1751,1558,1076,327,92,20159,2,1,1,42051,42,10335,9405,19740,419
14,550,"FRANKLIN",19638,19638,0,0,3411,1395,1701,1833,1289,3357,1354,1787,1665,1001,664,181,19638,2,1,1,42055,42,9629,9164,18793,845
14,590,"GREENE",8605,8605,0,0,1671,655,717,844,482,1701,624,706,764,361,58,22,8605,2,1,1,42059,42,4369,4156,8525,80
14,610,"HUNTINGDON",13008,13008,0,0,2366,974,1181,1198,934,2349,985,1194,1061,634,100,32,13008,2,1,1,42061,42,6653,6223,12876,132
14,710,"LANCASTER",43403,43403,4292,0,7080,3235,4110,4277,2970,6853,3154,4263,3928,2569,786,178,43403,2,1,1,42071,42,21672,20767,42439,964
14,790,"LUZERNE",12839,12839,0,0,2450,1029,1125,1256,787,2439,940,1016,1104,597,78,18,12839,2,1,1,42079,42,6647,6096,12743,96
14,810,"LYCOMING",5414,5414,0,0,1010,448,395,463,293,977,420,401,446,259,263,39,5414,2,1,1,42081,42,2609,2503,5112,302
14,850,"MERCER",3228,3228,0,0,596,248,370,390,181,545,186,294,268,137,8,5,3228,2,1,1,42085,42,1785,1430,3215,13
14,910,"MONTGOMERY",24150,24150,0,0,3887,1869,2269,2349,1744,3699,1797,2196,2144,1636,527,33,24150,2,1,1,42091,42,12118,11472,23590,560
14,950,"NORTHAMPTON",30062,30062,0,0,5333,2288,2686,2821,1919,5447,2098,2588,2741,1892,241,8,30062,2,1,1,42095,42,15047,14766,29813,249
14,970,"NORTHUMBERLAND",27797,27797,0,0,5436,2163,2397,2649,1733,5025,2053,2376,2416,1385,135,29,27797,2,1,1,42097,42,14378,13255,27633,164
14,1010,"PHILADELPHIA",81009,81009,61559,41220,10400,4736,7722,9445,4753,10613,4863,8339,8347,4911,6795,85,81009,2,1,1,42101,42,37056,37073,74129,6880
14,1110,"SOMERSET",10188,10188,0,0,2138,788,889,898,631,1929,711,870,828,480,26,0,10188,2,1,1,42111,42,5344,4818,10162,26
14,1210,"VENANGO",1130,1130,0,0,221,81,175,133,41,184,70,103,81,35,6,0,1130,2,1,1,42121,42,651,473,1124,6
14,1230,"WARREN",233,233,0,0,47,17,37,31,11,36,16,19,15,4,0,0,233,2,1,1,42123,42,143,90,233,0
14,1250,"WASHINGTON",28298,28298,0,0,5024,2139,2659,2501,1952,5098,1992,2562,2346,1601,340,84,28298,2,1,1,42125,42,14275,13599,27874,424
14,1270,"WAYNE",2562,2562,0,0,480,230,242,269,173,402,175,204,220,112,54,1,2562,2,1,1,42127,42,1394,1113,2507,55
14,1290,"WESTMORELAND",22726,22726,0,0,4231,1959,2190,2052,1390,3828,1887,2018,1890,1054,91,136,22726,2,1,1,42129,42,11822,10677,22499,227
14,1330,"YORK",25643,25643,2503,0,4280,2126,2146,2480,1726,4243,2061,2202,2305,1645,352,77,25643,2,1,1,42133,42,12758,12456,25214,429
14,8010,"MIFFLIN-CENTRE",13609,13609,0,0,2572,1039,1220,1308,889,2419,989,1181,1193,650,126,23,13609,2,1,1,,42,7028,6432,13460,149
14,0,"PENNSYLVANIA",602365,602365,68354,41220,103226,46161,54262,59333,38485,99624,43789,53974,53846,33394,14565,1706,602365,2,1,2,42000,42,301467,284627,586094,16271
22,830,"KNOX",2517,2517,0,0,436,195,235,300,123,438,163,234,214,64,87,28,2517,3,2,1,18083,18,1289,1113,2402,115
22,8010,"BROWN",50,50,0,0,,,,,,,,,,,,,,3,2,1,,18,,,,
22,8030,"CRAWFORD",65,65,0,0,,,,,,,,,,,,,,3,2,1,,18,,,,
22,8050,"JERSEY",100,100,0,0,,,,,,,,,,,,,,3,2,1,,17,,,,
22,8070,"MICHILIMACKINAC",551,551,0,0,,,,,,,,,,,,,,3,2,1,,26,,,,
22,8090,"RANDOLPH",1103,1103,0,0,205,64,107,145,60,154,45,72,84,26,34,107,1103,3,2,1,,17,581,381,962,141
22,8110,"ST CLAIR",1255,1255,0,0,213,88,124,200,79,199,72,118,95,25,42,0,1255,3,2,1,,17,704,509,1213,42
22,0,"INDIANA",5641,5641,0,0,854,347,466,645,262,791,280,424,393,115,163,135,4875,3,2,2,18000,18,2574,2003,4577,298
24,10,"ADAMS",3432,3432,0,0,727,273,319,341,177,664,261,267,273,115,15,0,3432,3,2,1,39001,39,1837,1580,3417,15
24,610,"HAMILTON",14692,14692,0,0,3273,1335,1503,1251,480,3090,1165,1297,954,344,0,0,14692,3,2,1,39061,39,7842,6850,14692,0
24,810,"JEFFERSON",8766,8766,0,0,1937,758,749,731,417,1768,719,718,606,328,35,0,8766,3,2,1,39081,39,4592,4139,8731,35
24,1410,"ROSS",8540,8540,0,0,1648,630,928,1061,336,1458,604,760,698,292,125,0,8540,3,2,1,39141,39,4603,3812,8415,125
24,1550,"TRUMBULL",1302,1302,0,0,202,71,237,223,55,206,83,93,106,21,5,0,1302,3,2,1,39155,39,788,509,1297,5
24,1670,"WASHINGTON",5427,5427,0,0,1035,379,568,642,292,991,328,474,507,193,18,0,5427,3,2,1,39167,39,2916,2493,5409,18
24,1690,"WAYNE",3206,3206,0,0,540,201,332,584,198,467,193,252,198,102,139,0,3206,3,2,1,26163,26,1855,1212,3067,139
24,0,"OHIO",45365,45365,0,0,9362,3647,4636,4833,1955,8644,3353,3861,3342,1395,337,0,45365,3,2,2,39000,39,24433,20595,45028,337
40,10,"ACCOMACK",15693,15693,0,0,1462,797,947,966,468,1483,756,1117,1132,595,1541,4429,15693,5,3,1,51001,51,4640,5083,9723,5970
40,30,"ALBEMARLE",16439,16439,0,0,1669,721,863,821,547,1590,657,859,644,425,207,7436,16439,5,3,1,51003,51,4621,4175,8796,7643
40,70,"AMELIA",9432,9432,0,0,480,184,306,308,170,415,190,300,272,164,58,6585,9432,5,3,1,51007,51,1448,1341,2789,6643
40,90,"AMHERST",16801,16801,0,0,1723,689,846,989,525,1603,614,897,858,467,134,7462,16807,5,3,1,51009,51,4772,4439,9211,7596
40,150,"AUGUSTA",11712,11712,0,0,1708,696,938,934,736,1624,685,913,867,570,95,1946,11712,5,3,1,51015,51,5012,4659,9671,2041
40,170,"BATH",5508,5508,0,0,1001,492,445,365,233,925,414,440,312,203,17,661,5508,5,3,1,51017,51,2536,2294,4830,678
40,190,"BEDFORD",14125,14125,0,0,1889,819,858,873,611,1796,758,864,819,539,202,4097,14125,5,3,1,51019,51,5050,4776,9826,4299
40,195,"BERKELEY",22006,22006,0,0,3351,1378,1712,1621,1214,3117,1274,1697,1495,973,203,3971,22006,5,3,1,54003,54,9276,8556,17832,4174
40,230,"BOTETOURT",10427,10427,0,0,1628,678,787,845,549,1565,619,845,816,441,135,1519,10427,5,3,1,51023,51,4487,4286,8773,1654
40,245,"BROOKE",4706,4706,0,0,904,342,379,389,280,827,339,383,358,201,16,288,4706,5,3,1,54009,54,2294,2108,4402,304
40,250,"BRUNSWICK",16339,16339,0,0,1157,518,737,670,361,939,548,698,658,361,270,9422,16339,5,3,1,51025,51,3443,3204,6647,9692
40,290,"BUCKINGHAM",13389,13389,0,0,1255,544,664,622,410,1155,505,702,577,390,229,6336,13409,5,3,1,51029,51,3495,3329,6824,6565
40,310,"CAMPBELL",9866,9866,0,0,1019,472,582,604,343,1002,405,618,538,310,302,3671,9866,5,3,1,51031,51,3020,2873,5893,3973
40,330,"CAROLINE",17438,17438,0,0,1148,457,545,648,356,1068,497,737,629,407,365,10581,17438,5,3,1,51033,51,3154,3338,6492,10946
40,360,"CHARLES CITY",5365,5365,0,0,333,142,167,206,116,291,160,182,245,112,398,3013,5365,5,3,1,51036,51,964,990,1954,3411
40,370,"CHARLOTTE",11912,11912,0,0,1005,382,562,569,324,918,413,556,480,297,123,6283,11912,5,3,1,51037,51,2842,2664,5506,6406
40,410,"CHESTERFIELD",14488,14488,0,0,1028,471,612,684,363,976,510,627,685,361,319,7852,14488,5,3,1,51041,51,3158,3159,6317,8171
40,470,"CULPEPER",18100,18100,0,0,1878,806,938,1011,708,1768,726,1041,956,647,273,7348,18100,5,3,1,51047,51,5341,5138,10479,7621
40,490,"CUMBERLAND",9839,9839,0,0,700,273,434,397,218,668,302,369,355,229,183,5711,9839,5,3,1,51049,51,2022,1923,3945,5894
40,530,"DINWIDDIE",11853,11853,0,0,816,360,516,458,302,712,339,513,439,286,246,6866,11853,5,3,1,51053,51,2452,2289,4741,7112
40,550,"ELIZABETH CITY",2778,2778,0,0,190,94,112,160,58,184,107,142,145,46,18,1522,2779,5,3,1,51055,51,614,624,1238,1540
40,570,"ESSEX",9508,9508,0,0,570,241,326,360,214,474,250,397,381,252,276,5767,9508,5,3,1,51057,51,1711,1754,3465,6043
40,590,"FAIRFAX",13317,13317,0,0,1230,694,589,668,475,1172,580,666,635,326,204,6078,13317,5,3,1,51059,51,3656,3379,7035,6282
40,610,"FAUQUIER",21329,21329,0,0,2190,957,1127,1087,815,2083,915,1335,1135,800,131,8754,21329,5,3,1,51061,51,6176,6268,12444,8885
40,650,"FLUVANNA",4623,4623,0,0,464,211,227,258,181,442,221,278,217,160,44,1920,4623,5,3,1,51065,51,1341,1318,2659,1964
40,670,"FRANKLIN",9302,9302,0,0,1540,668,700,715,405,1436,557,713,599,368,27,1574,9302,5,3,1,51067,51,4028,3673,7701,1601
40,690,"FREDERICK",24744,24744,0,0,3307,1628,1697,1608,1412,3183,1476,1772,1638,907,453,5663,24744,5,3,1,51069,51,9652,8976,18628,6116
40,730,"GLOUCESTER",8181,8181,0,0,551,270,269,377,150,546,280,338,322,134,35,4909,8181,5,3,1,51073,51,1617,1620,3237,4944
40,750,"GOOCHLAND",9696,9696,0,0,794,327,368,430,277,771,333,467,443,270,413,4803,9696,5,3,1,51075,51,2196,2284,4480,5216
40,770,"GRAYSON",3912,3912,0,0,740,299,350,285,259,710,266,368,275,189,1,170,3912,5,3,1,51077,51,1933,1808,3741,171
40,775,"GREENBRIER",4345,4345,0,0,781,323,362,360,267,731,306,368,325,223,2,297,4319,5,3,1,54025,54,2093,1953,4046,299
40,810,"GREENSVILLE",6727,6727,0,0,408,171,260,280,100,365,177,283,205,149,213,4116,6727,5,3,1,51081,51,1219,1179,2398,4329
40,830,"HALIFAX",19377,19377,0,0,2082,760,1060,1060,644,1902,884,1199,980,597,298,7911,19377,5,3,1,51083,51,5606,5562,11168,8209
40,835,"HAMPSHIRE",8348,8348,0,0,1528,600,687,657,473,1452,626,536,636,403,120,630,8348,5,3,1,54027,54,3945,3653,7598,750
40,850,"HANOVER",14403,14403,0,0,993,418,421,649,371,950,470,621,627,432,259,8192,14403,5,3,1,51085,51,2852,3100,5952,8451
40,855,"HARDY",6627,6627,0,0,1083,573,635,529,261,966,525,579,567,175,111,623,6627,5,3,1,54031,54,3081,2812,5893,734
40,865,"HARRISON",4848,4848,0,0,992,378,372,437,254,901,304,378,368,214,5,245,4848,5,3,1,54033,54,2433,2165,4598,250
40,870,"HENRICO",9149,9149,0,0,686,252,335,409,242,636,334,447,382,276,542,4608,9149,5,3,1,51087,51,1924,2075,3999,5150
40,890,"HENRY",5259,5259,0,0,692,319,398,283,235,670,286,347,313,172,129,1415,5259,5,3,1,51089,51,1927,1788,3715,1544
40,930,"ISLE OF WIGHT",9342,9342,0,0,712,341,602,531,233,703,389,471,513,240,578,4029,9342,5,3,1,51093,51,2419,2316,4735,4607
40,950,"JAMES CITY",3931,3931,0,0,216,82,185,140,76,179,104,160,166,66,168,2389,3931,5,3,1,51095,51,699,675,1374,2557
40,965,"KANAWHA",3239,3239,0,0,594,230,289,350,149,576,167,255,281,110,7,231,3239,5,3,1,54039,54,1612,1389,3001,238
40,970,"KING AND QUEEN",9879,9879,0,0,694,361,356,455,246,665,341,449,486,282,164,5380,9779,5,3,1,51097,51,2112,2223,4335,5544
40,990,"KING GEORGE",6749,6749,0,0,437,207,215,280,142,379,198,271,298,171,164,3987,6749,5,3,1,51099,51,1281,1317,2598,4151
40,1010,"KING WILLIAM",9055,9055,0,0,517,251,254,352,165,495,269,316,344,176,172,5744,9055,5,3,1,51101,51,1539,1600,3139,5916
40,1030,"LANCASTER",5375,5375,0,0,329,140,197,240,94,296,166,276,218,134,159,3126,5375,5,3,1,51103,51,1000,1090,2090,3285
40,1050,"LEE",3538,3538,0,0,740,241,308,303,132,650,261,304,256,97,3,243,3538,5,3,1,51105,51,1724,1568,3292,246
40,1070,"LOUDOUN",20523,20523,0,0,2706,1205,1343,1489,936,2687,1277,1431,1285,841,333,4990,20523,5,3,1,51107,51,7679,7521,15200,5323
40,1090,"LOUISA",11892,11892,0,0,1072,459,483,559,377,922,416,595,524,361,132,5992,11892,5,3,1,51109,51,2950,2818,5768,6124
40,1110,"LUNENBURG",10381,10381,0,0,740,335,447,428,258,727,365,425,419,228,133,5876,10381,5,3,1,51111,51,2208,2164,4372,6009
40,1130,"MADISON",8322,8322,0,0,848,362,394,474,305,856,350,532,413,302,50,3436,8322,5,3,1,51113,51,2383,2453,4836,3486
40,1150,"MATHEWS",5806,5806,0,0,510,245,216,327,166,489,250,292,318,172,17,2804,5806,5,3,1,51115,51,1464,1521,2985,2821
40,1170,"MECKLENBURG",17008,17008,0,0,1368,579,801,746,451,1297,519,822,750,446,553,8676,17008,5,3,1,51117,51,3945,3834,7779,9229
40,1190,"MIDDLESEX",4203,4203,0,0,262,104,138,183,76,270,130,153,189,98,84,2516,4203,5,3,1,51119,51,763,840,1603,2600
40,1195,"MONONGALIA",8540,8540,0,0,1677,644,722,755,517,1662,564,744,687,387,18,163,8540,5,3,1,54061,54,4315,4044,8359,181
40,1205,"MONROE",4188,4188,0,0,788,315,387,329,266,735,307,349,315,196,12,189,4188,5,3,1,54063,54,2085,1902,3987,201
40,1210,"MONTGOMERY",9044,9044,0,0,1629,648,733,680,484,1489,582,760,646,386,39,968,9044,5,3,1,51121,51,4174,3863,8037,1007
40,1230,"NANSEMOND",11127,11127,0,0,847,606,681,584,263,761,629,621,526,291,910,4408,11127,5,3,1,51123,51,2981,2828,5809,5318
40,1270,"NEW KENT",6363,6363,0,0,443,193,209,289,118,388,174,276,300,133,218,3622,6363,5,3,1,51127,51,1252,1271,2523,3840
40,1290,"NORFOLK",12493,12493,0,0,1159,599,748,990,216,1095,651,763,994,336,207,4735,12493,5,3,1,51129,51,3712,3839,7551,4942
40,1310,"NORTHAMPTON",6763,6763,0,0,461,232,288,334,145,412,207,367,335,150,654,3178,6763,5,3,1,51131,51,1460,1471,2931,3832
40,1330,"NORTHUMBERLAND",7803,7803,0,0,587,273,348,385,170,570,272,474,412,188,221,3903,7803,5,3,1,51133,51,1763,1916,3679,4124
40,1350,"NOTTOWAY",9401,9401,0,0,547,243,357,334,175,557,256,351,309,182,107,5983,9401,5,3,1,51135,51,1656,1655,3311,6090
40,1355,"OHIO",4740,4740,0,0,840,353,348,487,265,895,325,370,399,186,15,257,4740,5,3,1,54069,54,2293,2175,4468,272
40,1370,"ORANGE",11449,11449,0,0,1077,423,560,598,381,1073,426,607,641,374,47,5242,11449,5,3,1,51137,51,3039,3121,6160,5289
40,1410,"PATRICK",4331,4331,0,0,674,295,310,275,218,659,318,341,278,184,130,649,4331,5,3,1,51141,51,1772,1780,3552,779
40,1415,"PENDLETON",3962,3962,0,0,740,320,360,303,275,750,251,340,292,185,14,132,3962,5,3,1,54071,54,1998,1818,3816,146
40,1430,"PITTSYLVANIA",12697,12697,0,0,1599,707,818,769,479,1499,696,777,752,407,61,4133,12697,5,3,1,51143,51,4372,4131,8503,4194
40,1450,"POWHATAN",7769,7769,0,0,443,179,212,263,131,411,163,226,221,144,345,5031,7769,5,3,1,51145,51,1228,1165,2393,5376
40,1470,"PRINCE EDWARD",10962,10962,0,0,887,374,522,492,274,841,335,528,448,277,63,5921,10962,5,3,1,51147,51,2549,2429,4978,5984
40,1490,"PRINCE GEORGE",7425,7425,0,0,482,203,236,344,161,402,171,289,317,190,250,4380,7425,5,3,1,51149,51,1426,1369,2795,4630
40,1510,"PRINCESS ANNE",8859,8859,0,0,916,458,465,565,205,845,376,531,581,258,85,3574,8859,5,3,1,51151,51,2609,2591,5200,3659
40,1530,"PRINCE WILLIAM",12733,12733,0,0,1160,507,710,706,423,1167,500,720,663,419,342,5416,12733,5,3,1,51153,51,3506,3469,6975,5758
40,1567,"RANDOLPH",1826,1826,0,0,343,163,155,159,79,372,106,150,143,69,2,85,1826,5,3,1,54083,54,899,840,1739,87
40,1630,"ROCKBRIDGE",8945,8945,0,0,1325,650,760,535,552,1349,692,750,712,453,97,1070,8945,5,3,1,51163,51,3822,3956,7778,1167
40,1650,"ROCKINGHAM",10374,10374,0,0,1868,723,805,884,479,1781,721,643,930,432,56,1052,10374,5,3,1,51165,51,4759,4507,9266,1108
40,1670,"RUSSELL",4808,4808,0,0,970,398,428,360,236,830,296,373,367,185,13,352,4808,5,3,1,51167,51,2392,2051,4443,365
40,1710,"SHENANDOAH",13823,13823,0,0,2499,1115,1097,1131,832,2394,1002,1038,1157,682,85,791,13823,5,3,1,51171,51,6674,6273,12947,876
40,1750,"SOUTHAMPTON",13925,13925,0,0,1049,440,651,727,341,977,479,644,765,388,839,6625,13925,5,3,1,51175,51,3208,3253,6461,7464
40,1770,"SPOTSYLVANIA",13002,13002,0,0,968,490,603,550,403,881,397,694,529,360,297,6830,13002,5,3,1,51177,51,3014,2861,5875,7127
40,1790,"STAFFORD",9971,9971,0,0,904,419,477,511,336,940,423,535,544,346,193,4343,9971,5,3,1,51179,51,2647,2788,5435,4536
40,1810,"SURRY",6535,6535,0,0,442,232,266,312,138,412,190,322,292,171,500,3258,6535,5,3,1,51181,51,1390,1387,2777,3758
40,1830,"SUSSEX",11062,11062,0,0,706,350,459,481,245,722,338,447,498,286,542,5988,11062,5,3,1,51183,51,2241,2291,4532,6530
40,1850,"TAZEWELL",2127,2127,0,0,410,127,169,176,88,396,134,189,126,80,13,219,2127,5,3,1,51185,51,970,925,1895,232
40,1875,"WARWICK",1659,1659,0,0,121,47,50,75,26,84,44,70,75,22,21,1024,1659,5,3,1,51189,51,319,295,614,1045
40,1910,"WASHINGTON",9536,9536,0,0,1787,669,630,649,443,1597,653,733,699,390,386,900,9536,5,3,1,51191,51,4178,4072,8250,1286
40,1955,"WOOD",1217,1217,0,0,240,82,109,115,67,238,79,78,97,50,1,61,1217,5,3,1,54107,54,613,542,1155,62
40,1970,"WYTHE",6380,6380,0,0,1128,437,600,428,332,1006,392,568,402,245,11,831,6380,5,3,1,51197,51,2925,2613,5538,842
40,1990,"YORK",3231,3231,0,0,209,90,84,146,59,163,71,153,129,62,45,2020,3231,5,3,1,51199,51,588,578,1166,2065
40,5100,"ALEXANDRIA CITY",4971,4971,4971,0,578,250,420,489,189,546,269,410,416,160,369,875,4971,5,3,1,51510,51,1926,1801,3727,1244
40,7100,"NORFOLK CITY",6926,6926,6926,0,354,261,735,793,169,378,198,454,398,110,352,2724,6926,5,3,1,51710,51,2312,1538,3850,3076
40,7300,"PETERSBURG",3521,3521,3521,0,181,83,286,305,72,189,66,173,185,66,428,1487,3521,5,3,1,51730,51,927,679,1606,1915
40,7600,"RICHMOND CITY",5737,5737,5737,0,351,174,512,440,150,337,154,337,279,103,607,2293,5737,5,3,1,51760,51,1627,1210,2837,2900
40,8010,"RICHMOND-WESTMORE",13744,13744,0,0,907,432,457,554,275,854,387,601,582,285,584,7826,13744,5,3,1,,51,2625,2709,5334,8410
40,0,"VIRGINIA",880200,880200,16184,0,92438,40500,48708,50262,30221,87323,38835,50730,47810,27453,20124,345796,880200,5,3,2,51000,51,262129,252151,514280,365920
44,290,"BRYAN",2836,2836,0,0,96,43,57,64,26,81,36,60,44,21,2,2306,2836,5,3,1,13029,13,286,242,528,2308
44,310,"BULLOCH",1913,1913,0,0,329,136,158,151,97,312,91,146,126,83,15,269,1913,5,3,1,13031,13,871,758,1629,284
44,330,"BURKE",9504,9504,0,0,1126,519,726,743,242,1043,642,771,492,219,14,2967,9504,5,3,1,13033,13,3356,3167,6523,2981
44,390,"CAMDEN",1681,1681,0,0,149,52,104,131,60,214,48,73,81,24,10,735,1681,5,3,1,13039,13,496,440,936,745
44,510,"CHATHAM",12946,12946,5146,0,471,293,547,591,175,369,252,395,385,195,224,9049,12946,5,3,1,13051,13,2077,1596,3673,9273
44,730,"COLUMBIA",8345,8345,0,0,1139,459,478,516,256,891,455,467,480,180,16,3008,8345,5,3,1,13073,13,2848,2473,5321,3024
44,1030,"EFFINGHAM",2072,2072,0,0,226,101,94,163,132,133,99,113,144,105,0,762,2072,5,3,1,13103,13,716,594,1310,762
44,1050,"ELBERT",10094,10094,0,0,1512,523,637,689,348,1465,550,678,585,268,23,2816,10094,5,3,1,13105,13,3709,3546,7255,2839
44,1190,"FRANKLIN",6859,6859,0,0,1305,462,463,572,276,1226,393,498,496,201,8,959,6859,5,3,1,13119,13,3078,2814,5892,967
44,1270,"GLYNN",1874,1874,0,0,152,49,68,116,60,122,49,56,76,31,3,1092,1874,5,3,1,13127,13,445,334,779,1095
44,1330,"GREENE",10761,10761,0,0,1408,563,593,857,295,1317,527,525,766,246,7,3657,10761,5,3,1,13133,13,3716,3381,7097,3664
44,1410,"HANCOCK",14456,14456,0,0,1923,943,964,952,423,1729,682,882,787,320,16,4835,14456,5,3,1,13141,13,5205,4400,9605,4851
44,1510,"JACKSON",7736,7736,0,0,1306,500,563,654,243,1267,572,537,496,190,8,1400,7736,5,3,1,13151,13,3266,3062,6328,1408
44,1630,"JEFFERSON",5684,5684,0,0,801,314,311,421,219,773,304,346,347,172,34,1642,5684,5,3,1,13163,13,2066,1942,4008,1676
44,1790,"LIBERTY",5313,5313,0,0,241,92,171,187,71,184,86,155,98,61,27,3940,5313,5,3,1,13179,13,762,584,1346,3967
44,1810,"LINCOLN",4766,4766,0,0,635,370,230,317,193,568,332,237,342,102,7,1433,4766,5,3,1,13181,13,1745,1581,3326,1440
44,1910,"MCINTOSH",2660,2660,0,0,140,64,79,117,60,142,58,58,72,41,10,1819,2660,5,3,1,13191,13,460,371,831,1829
44,2090,"MONTGOMERY",3180,3180,0,0,517,225,286,270,147,493,191,285,219,109,3,435,3180,5,3,1,13209,13,1445,1297,2742,438
44,2210,"OGLETHORPE",9780,9780,0,0,1297,545,643,653,341,1238,506,621,570,272,5,3089,9780,5,3,1,13221,13,3479,3207,6686,3094
44,2450,"RICHMOND",5475,5475,0,0,417,224,360,370,132,445,187,259,238,96,54,2691,5475,5,3,1,13245,13,1503,1225,2728,2745
44,2510,"SCREVEN",3019,3019,0,0,374,213,274,310,82,386,191,179,169,75,0,766,3019,5,3,1,13251,13,1253,1000,2253,766
44,3010,"WARREN",8329,8329,0,0,1297,486,605,562,313,1169,416,626,511,267,19,2058,8329,5,3,1,13301,13,3263,2989,6252,2077
44,3030,"WASHINGTON",10300,10300,0,0,1448,631,660,678,322,1365,563,623,608,283,451,2668,10300,5,3,1,13303,13,3739,3442,7181,3119
44,3170,"WILKES",13103,13103,0,0,1532,662,716,830,444,1475,684,653,703,333,63,5008,13103,5,3,1,13317,13,4184,3848,8032,5071
44,0,"GEORGIA",162686,162686,5146,0,19841,8470,9787,10910,4957,18407,7914,9248,8835,3894,1019,59404,162686,5,3,2,13000,13,53965,48298,102263,60423
46,10,"ADAMS",4660,4660,0,0,430,149,208,362,147,394,166,136,176,80,155,2257,4660,6,4,1,28001,28,1296,952,2248,2412
46,630,"PICKERING",2940,2940,0,0,440,158,221,318,95,418,149,156,184,59,4,738,2940,6,4,1,28063,28,1232,966,2198,742
46,1510,"WASHINGTON",1250,1250,0,0,139,49,53,100,48,141,61,60,56,26,23,494,1250,6,4,1,28151,1,389,344,733,517
46,0,"MISSISSIPPI",8850,8850,0,0,1009,356,482,780,290,953,376,352,416,165,182,3489,8850,6,4,2,28000,28,2917,2262,5179,3671
47,70,"ANSON",8146,8146,0,0,1379,531,611,612,333,1294,507,590,546,322,131,1290,8146,5,3,1,37007,37,3466,3259,6725,1421
47,90,"ASHE",2783,2783,0,0,575,197,226,208,144,560,200,234,189,110,55,85,2783,5,3,1,37009,37,1350,1293,2643,140
47,130,"BEAUFORT",6242,6242,0,0,659,323,361,423,245,645,298,408,424,222,190,2044,6242,5,3,1,37013,37,2011,1997,4008,2234
47,150,"BERTIE",11249,11249,0,0,862,416,548,518,283,899,422,635,637,314,203,5512,11249,5,3,1,37015,37,2627,2907,5534,5715
47,170,"BLADEN",7028,7028,0,0,817,353,372,452,264,803,357,470,443,246,152,2299,7028,5,3,1,37017,37,2258,2319,4577,2451
47,190,"BRUNSWICK",4110,4110,0,0,446,148,219,264,129,416,178,184,234,115,163,1614,4110,5,3,1,37019,37,1206,1127,2333,1777
47,210,"BUNCOMBE",5812,5812,0,0,1099,416,479,489,289,1137,368,507,422,225,34,347,5812,5,3,1,37021,37,2772,2659,5431,381
47,230,"BURKE",9929,9929,0,0,1836,656,744,785,591,1712,679,780,844,424,52,826,9929,5,3,1,37023,37,4612,4439,9051,878
47,250,"CABARRUS",5094,5094,0,0,815,386,361,411,277,777,365,396,392,213,2,699,5094,5,3,1,37025,37,2250,2143,4393,701
47,290,"CAMDEN",4191,4191,0,0,534,259,287,293,144,507,244,287,284,126,56,1170,4191,5,3,1,37029,37,1517,1448,2965,1226
47,310,"CARTERET",4399,4399,0,0,592,263,275,328,194,548,291,356,352,174,108,918,4399,5,3,1,37031,37,1652,1721,3373,1026
47,330,"CASWELL",8701,8701,0,0,1211,396,599,568,297,1039,415,568,524,270,26,2788,8701,5,3,1,37033,37,3071,2816,5887,2814
47,370,"CHATHAM",11861,11861,0,0,1684,898,1003,534,454,1565,881,904,618,409,102,2809,11861,5,3,1,37037,37,4573,4377,8950,2911
47,410,"CHOWAN",5132,5132,0,0,438,194,219,306,141,400,202,240,315,137,67,2473,5132,5,3,1,37041,37,1298,1294,2592,2540
47,490,"CRAVEN",10245,10245,0,0,944,433,519,618,287,943,442,559,689,322,328,4161,10245,5,3,1,37049,37,2801,2955,5756,4489
47,510,"CUMBERLAND",9264,9264,0,0,1002,487,652,674,421,1020,461,671,659,375,119,2723,9264,5,3,1,37051,37,3236,3186,6422,2842
47,530,"CURRITUCK",6928,6928,0,0,944,391,526,540,257,902,407,510,516,291,114,1530,6928,5,3,1,37053,37,2658,2626,5284,1644
47,610,"DUPLIN",6796,6796,0,0,880,389,473,425,289,836,383,488,435,279,55,1864,6796,5,3,1,37061,37,2456,2421,4877,1919
47,650,"EDGECOMBE",10421,10421,0,0,1109,496,651,622,338,1119,471,715,547,342,106,3905,10421,5,3,1,37065,37,3216,3194,6410,4011
47,690,"FRANKLIN",8529,8529,0,0,889,417,446,437,273,881,377,457,415,239,0,3698,8529,5,3,1,37069,37,2462,2369,4831,3698
47,730,"GATES",5881,5881,0,0,507,252,325,290,196,471,218,317,326,209,82,2688,5881,5,3,1,37073,37,1570,1541,3111,2770
47,770,"GRANVILLE",14015,14015,0,0,1414,570,771,735,382,1413,539,733,693,360,299,6106,14015,5,3,1,37077,37,3872,3738,7610,6405
47,790,"GREENE",4218,4218,0,0,436,183,222,243,114,462,311,351,258,115,27,1496,4218,5,3,1,37079,37,1198,1497,2695,1523
47,810,"GUILFORD",9442,9442,0,0,1560,668,931,777,512,1487,582,909,612,459,40,905,9442,5,3,1,37081,37,4448,4049,8497,945
47,830,"HALIFAX",13945,13945,0,0,1049,485,595,619,295,950,470,655,605,348,635,7239,13945,5,3,1,37083,37,3043,3028,6071,7874
47,910,"HERTFORD",6701,6701,0,0,557,244,359,368,169,535,245,362,362,201,435,2864,6701,5,3,1,37091,37,1697,1705,3402,3299
47,950,"HYDE",4829,4829,0,0,608,245,259,385,152,619,270,344,357,140,46,1404,4829,5,3,1,37095,37,1649,1730,3379,1450
47,970,"IREDELL",8856,8856,0,0,1313,561,684,694,499,1233,559,744,633,411,17,1508,8856,5,3,1,37097,37,3751,3580,7331,1525
47,1010,"JOHNSTON",6301,6301,0,0,853,356,435,422,236,775,353,460,373,241,34,1763,6301,5,3,1,37101,37,2302,2202,4504,1797
47,1030,"JONES",4339,4339,0,0,390,200,245,210,116,331,213,260,240,121,64,1949,4339,5,3,1,37103,37,1161,1165,2326,2013
47,1070,"LENOIR",4005,4005,0,0,419,201,254,208,122,392,195,254,240,139,55,1526,4005,5,3,1,37107,37,1204,1220,2424,1581
47,1090,"LINCOLN",12660,12660,0,0,2219,951,870,1066,633,2138,797,925,977,543,18,1523,12660,5,3,1,37109,37,5739,5380,11119,1541
47,1170,"MARTIN",5629,5629,0,0,663,329,317,210,199,687,262,386,388,219,183,1786,5629,5,3,1,37117,37,1718,1942,3660,1969
47,1190,"MECKLENBURG",10439,10439,0,0,1584,683,659,864,474,1537,700,692,787,456,15,1988,10439,5,3,1,37119,37,4264,4172,8436,2003
47,1230,"MONTGOMERY",7677,7677,0,0,1205,538,569,557,335,1256,461,559,500,304,20,1373,7677,5,3,1,37123,37,3204,3080,6284,1393
47,1250,"MOORE",4767,4767,0,0,830,341,392,381,218,747,264,372,353,230,31,608,4767,5,3,1,37125,37,2162,1966,4128,639
47,1270,"NASH",6975,6975,0,0,753,309,401,403,230,748,342,402,417,231,143,2596,6975,5,3,1,37127,37,2096,2140,4236,2739
47,1290,"NEW HANOVER",7060,7060,0,0,466,208,241,365,171,507,221,273,305,151,94,4058,7060,5,3,1,37129,37,1451,1457,2908,4152
47,1310,"NORTHAMPTON",12353,12353,0,0,989,430,553,544,290,907,431,584,560,317,539,6209,12353,5,3,1,37131,37,2806,2799,5605,6748
47,1330,"ONSLOW",5623,5623,0,0,771,308,381,375,213,407,338,442,374,200,0,1814,5623,5,3,1,37133,37,2048,1761,3809,1814
47,1350,"ORANGE",16362,16362,0,0,2831,1019,1345,877,696,2050,878,1329,1088,568,116,3565,16362,5,3,1,37135,37,6768,5913,12681,3681
47,1390,"PASQUOTANK",5379,5379,0,0,577,279,350,360,111,576,253,359,290,235,234,1755,5379,5,3,1,37139,37,1677,1713,3390,1989
47,1430,"PERQUIMANS",5708,5708,0,0,639,290,364,367,170,602,286,360,363,186,61,2020,5708,5,3,1,37143,37,1830,1797,3627,2081
47,1450,"PERSON",6402,6402,0,0,813,327,396,362,239,797,276,430,348,209,123,2082,6402,5,3,1,37145,37,2137,2060,4197,2205
47,1470,"PITT",9084,9084,0,0,1075,457,532,530,290,1129,464,713,667,310,32,2885,9084,5,3,1,37147,37,2884,3283,6167,2917
47,1510,"RANDOLPH",9234,9234,0,0,1663,691,788,754,441,1525,580,743,771,469,202,607,9234,5,3,1,37151,37,4337,4088,8425,809
47,1530,"RICHMOND",5623,5623,0,0,890,425,425,439,277,834,395,393,396,249,25,875,5623,5,3,1,37153,37,2456,2267,4723,900
47,1550,"ROBESON",6839,6839,0,0,1060,384,473,503,368,958,360,551,491,352,341,998,6839,5,3,1,37155,37,2788,2712,5500,1339
47,1570,"ROCKINGHAM",8277,8277,0,0,1244,485,624,581,338,1200,516,644,551,345,116,1633,8277,5,3,1,37157,37,3272,3256,6528,1749
47,1590,"ROWAN",20060,20060,0,0,3242,1509,1567,1637,1028,2806,1402,1633,1475,887,35,2839,20060,5,3,1,37159,37,8983,8203,17186,2874
47,1610,"RUTHERFORD",10753,10753,0,0,1998,764,899,796,529,1835,694,912,785,456,13,1072,10753,5,3,1,37161,37,4986,4682,9668,1085
47,1630,"SAMPSON",6719,6719,0,0,953,391,403,449,270,895,377,424,461,247,137,1712,6719,5,3,1,37163,37,2466,2404,4870,1849
47,1690,"STOKES",11026,11026,0,0,1818,809,870,895,555,1621,754,878,829,495,63,1439,11026,5,3,1,37169,37,4947,4577,9524,1502
47,1710,"SURRY",9505,9505,0,0,1689,741,729,749,511,1482,712,717,714,435,21,1005,9505,5,3,1,37171,37,4419,4060,8479,1026
47,1770,"TYRRELL",3395,3395,0,0,454,210,209,288,106,456,185,250,243,122,13,859,3395,5,3,1,37177,37,1267,1256,2523,872
47,1830,"WAKE",13437,13437,0,0,1637,682,841,820,489,1569,728,888,775,443,324,4241,13437,5,3,1,37183,37,4469,4403,8872,4565
47,1850,"WARREN",11284,11284,0,0,849,476,520,463,396,800,350,522,468,292,136,6012,11284,5,3,1,37185,37,2704,2432,5136,6148
47,1870,"WASHINGTON",2422,2422,0,0,262,123,145,164,83,279,109,183,177,73,63,761,2422,5,3,1,37187,37,777,821,1598,824
47,1910,"WAYNE",6772,6772,0,0,851,399,454,434,231,834,383,464,394,256,84,1988,6772,5,3,1,37191,37,2369,2331,4700,2072
47,1930,"WILKES",7247,7247,0,0,1272,501,592,518,354,1221,453,613,534,335,64,790,7247,5,3,1,37193,37,3237,3156,6393,854
47,0,"NORTH CAROLINA",478103,478103,0,0,63118,27073,31560,31209,18688,59074,25874,32989,30665,17514,7043,133296,478103,5,3,2,37000,37,171648,166116,337764,140339
48,10,"ABBEVILLE",13553,13553,0,0,2001,836,1028,1055,520,1948,770,1053,865,472,41,2964,13553,5,3,1,45001,45,5440,5108,10548,3005
48,110,"BARNWELL",7376,7376,0,0,1164,549,583,396,149,1078,557,568,352,179,111,1690,7376,5,3,1,45011,45,2841,2734,5575,1801
48,130,"BEAUFORT",20428,20428,0,0,749,314,364,569,199,726,285,381,407,205,198,16031,20428,5,3,1,45013,45,2195,2004,4199,16229
48,190,"CHARLESTON",57480,57480,18824,0,2064,1019,1243,2331,851,1994,1045,1240,1735,852,1161,41945,57480,5,3,1,45019,45,7508,6866,14374,43106
48,230,"CHESTER",8185,8185,0,0,1258,571,685,601,409,1248,595,668,558,426,2,1164,8185,5,3,1,45023,45,3524,3495,7019,1166
48,250,"CHESTERFIELD",5216,5216,0,0,889,367,261,371,178,716,335,365,369,144,73,1148,5216,5,3,1,45025,45,2066,1929,3995,1221
48,290,"COLLETON",24903,24903,0,0,726,369,341,443,462,478,360,342,416,457,38,20471,24903,5,3,1,45029,45,2341,2053,4394,20509
48,310,"DARLINGTON",7631,7631,0,0,1086,440,423,493,264,1001,435,454,499,168,32,2336,7631,5,3,1,45031,45,2706,2557,5263,2368
48,370,"EDGEFIELD",18130,18130,0,0,2729,1114,1080,1155,679,2444,987,1162,1145,568,61,5006,18130,5,3,1,45037,45,6757,6306,13063,5067
48,390,"FAIRFIELD",10087,10087,0,0,1537,701,746,706,437,1489,635,778,674,393,23,1968,10087,5,3,1,45039,45,4127,3969,8096,1991
48,430,"GEORGETOWN",22938,22938,0,0,1091,618,644,670,275,963,576,570,610,258,95,16568,22938,5,3,1,45043,45,3298,2977,6275,16663
48,450,"GREENVILLE",11504,11504,0,0,2079,823,873,839,505,1973,723,957,816,441,36,1439,11504,5,3,1,45045,45,5119,4910,10029,1475
48,550,"KERSHAW",7340,7340,0,0,935,374,491,412,226,809,396,508,349,206,104,2530,7340,5,3,1,45055,45,2438,2268,4706,2634
48,570,"LANCASTER",6012,6012,0,0,954,394,359,560,248,822,402,457,457,245,38,1076,6012,5,3,1,45057,45,2515,2383,4898,1114
48,590,"LAURENS",12809,12809,0,0,2129,843,999,1028,543,2034,773,1058,925,538,20,1919,12809,5,3,1,45059,45,5542,5328,10870,1939
48,670,"MARION",6914,6914,0,0,812,456,438,455,251,725,410,382,435,257,138,2155,6914,5,3,1,45067,45,2412,2209,4621,2293
48,690,"MARLBORO",5452,5452,0,0,839,334,299,341,184,700,270,427,328,158,179,1393,5452,5,3,1,45069,45,1997,1883,3880,1572
48,710,"NEWBERRY",12006,12006,0,0,1776,855,951,951,483,1679,811,823,874,504,95,2204,12006,5,3,1,45071,45,5016,4691,9707,2299
48,750,"ORANGEBURG",15766,15766,0,0,1926,857,955,971,482,1769,1179,884,824,468,95,5356,15766,5,3,1,45075,45,5191,5124,10315,5451
48,755,"PENDLETON",20052,20052,0,0,3674,1412,1575,1486,934,3512,1431,1620,1363,753,68,2224,20052,5,3,1,45075.1,45,9081,8679,17760,2292
48,790,"RICHLAND",6097,6097,0,0,552,220,216,355,161,499,314,200,260,152,135,3033,6097,5,3,1,45079,45,1504,1425,2929,3168
48,830,"SPARTANBURG",12122,12122,0,0,2111,849,974,898,590,1927,819,1049,876,516,46,1467,12122,5,3,1,45083,45,5422,5187,10609,1513
48,850,"SUMTER",13103,13103,0,0,1150,498,634,671,319,1051,478,572,599,267,301,6563,13103,5,3,1,45085,45,3272,2967,6239,6864
48,870,"UNION",10237,10237,0,0,1660,658,792,784,411,1593,636,842,722,374,68,1697,10237,5,3,1,45087,45,4305,4167,8472,1765
48,910,"YORK",10250,10250,0,0,1520,685,807,803,484,1486,635,785,778,436,27,1804,10250,5,3,1,45091,45,4299,4120,8419,1831
48,0,"SOUTH CAROLINA",345591,345591,18824,0,37411,16156,17761,19344,10244,34664,15857,18145,17236,9437,3185,146151,345591,5,3,2,45000,45,100916,95339,196255,149336
51,90,"BARREN",4784,4784,0,0,881,386,299,492,165,868,373,190,474,151,0,505,4784,6,4,1,21009,21,2223,2056,4279,505
51,150,"BOONE",1534,1534,0,0,262,82,105,127,65,225,83,100,102,43,15,325,1534,6,4,1,21015,21,641,553,1194,340
51,170,"BOURBON",12825,12825,0,0,2106,906,946,961,599,2076,782,929,875,447,62,2136,12825,6,4,1,21017,21,5518,5109,10627,2198
51,230,"BRACKEN",2606,2606,0,0,535,169,194,219,127,463,155,195,187,105,14,243,2606,6,4,1,21023,21,1244,1105,2349,257
51,270,"BRECKINRIDGE",807,807,0,0,153,56,80,86,34,147,49,71,60,29,1,41,807,6,4,1,21027,21,409,356,765,42
51,290,"BULLITT",3542,3542,0,0,479,211,264,283,184,450,175,230,183,105,9,969,3542,6,4,1,21029,21,1421,1143,2564,978
51,370,"CAMPBELL",1903,1903,0,0,309,101,153,179,93,320,112,149,116,78,14,279,1903,6,4,1,21037,21,835,775,1610,293
51,470,"CHRISTIAN",2318,2318,0,0,446,139,205,234,77,382,120,186,169,63,0,297,2318,6,4,1,21047,21,1101,920,2021,297
51,490,"CLARK",7653,7653,0,0,1303,426,477,574,323,1264,443,536,496,233,17,1561,7653,6,4,1,21049,21,3103,2972,6075,1578
51,570,"CUMBERLAND",3284,3284,0,0,640,290,251,317,120,623,238,223,215,95,36,236,3284,6,4,1,21057,21,1618,1394,3012,272
51,670,"FAYETTE",14028,14028,0,0,1797,740,1019,969,534,1754,730,861,876,435,88,4225,14028,6,4,1,21067,21,5059,4656,9715,4313
51,690,"FLEMING",5016,5016,0,0,1100,362,390,440,258,888,359,396,384,175,10,254,5016,6,4,1,21069,21,2550,2202,4752,264
51,710,"FLOYD",478,478,0,0,90,36,52,41,24,66,43,36,32,27,0,31,478,6,4,1,21071,21,243,204,447,31
51,730,"FRANKLIN",5078,5078,0,0,750,255,359,402,177,688,269,327,337,123,22,1369,5078,6,4,1,21073,21,1943,1744,3687,1391
51,770,"GALLATIN",1291,1291,0,0,214,74,62,128,37,194,54,74,92,31,2,329,1291,6,4,1,21077,21,515,445,960,331
51,790,"GARRARD",6186,6186,0,0,1041,345,464,440,256,960,344,439,424,208,6,1259,6186,6,4,1,21079,21,2546,2375,4921,1265
51,870,"GREEN",6096,6096,0,0,1124,392,449,543,238,1036,396,460,446,173,3,836,6096,6,4,1,21087,21,2746,2511,5257,839
51,930,"HARDIN",3653,3653,0,0,699,258,295,330,175,657,230,265,280,128,11,325,3653,6,4,1,21093,21,1757,1560,3317,336
51,970,"HARRISON",4350,4350,0,0,843,305,344,368,207,750,405,342,217,144,19,406,4350,6,4,1,21097,21,2067,1858,3925,425
51,1010,"HENDERSON",1468,1468,0,0,194,78,113,123,48,207,89,101,91,32,2,390,1468,6,4,1,21101,21,556,520,1076,392
51,1030,"HENRY",3258,3258,0,0,619,191,213,323,143,586,203,223,248,99,4,406,3258,6,4,1,21103,21,1489,1359,2848,410
51,1110,"JEFFERSON",8754,8754,0,0,1306,469,592,687,328,1204,442,543,525,229,23,2406,8754,6,4,1,21111,21,3382,2943,6325,2429
51,1130,"JESSAMINE",5461,5461,0,0,762,318,363,340,218,751,314,334,301,178,21,1561,5461,6,4,1,21113,21,2001,1878,3879,1582
51,1210,"KNOX",1109,1109,0,0,209,81,98,102,50,189,90,109,82,34,3,62,1109,6,4,1,21121,21,540,504,1044,65
51,1370,"LINCOLN",8621,8621,0,0,1325,561,616,648,378,1292,549,588,571,294,23,1776,8621,6,4,1,21137,21,3528,3294,6822,1799
51,1390,"LIVINGSTON",2856,2856,0,0,482,180,294,269,100,425,155,222,186,83,4,456,2856,6,4,1,21139,21,1325,1071,2396,460
51,1410,"LOGAN",5807,5807,0,0,1011,396,518,486,213,962,359,394,412,188,93,775,5807,6,4,1,21141,21,2624,2315,4939,868
51,1510,"MADISON",10490,10490,0,0,1877,675,682,788,419,1766,749,697,770,338,3,1726,10490,6,4,1,21151,21,4441,4320,8761,1729
51,1610,"MASON",12182,12182,0,0,2174,848,858,941,567,1967,770,970,827,425,88,1747,12182,6,4,1,21161,21,5388,4959,10347,1835
51,1670,"MERCER",9646,9646,0,0,1474,564,663,684,414,1321,585,698,576,318,33,2316,9646,6,4,1,21167,21,3799,3498,7297,2349
51,1730,"MONTGOMERY",7082,7082,0,0,1420,508,478,620,318,1249,467,503,553,188,11,767,7082,6,4,1,21173,21,3344,2960,6304,778
51,1770,"MUHLENBERG",1443,1443,0,0,344,130,150,97,57,294,53,70,76,42,5,125,1443,6,4,1,21177,21,778,535,1313,130
51,1790,"NELSON",9866,9866,0,0,1559,667,676,739,464,1530,615,712,625,361,16,1902,9866,6,4,1,21179,21,4105,3843,7948,1918
51,1810,"NICHOLAS",2925,2925,0,0,569,191,252,242,124,505,186,207,207,114,6,322,2925,6,4,1,21181,21,1378,1219,2597,328
51,1830,"OHIO",1223,1223,0,0,207,78,103,128,45,207,72,94,94,41,3,151,1223,6,4,1,21183,21,561,508,1069,154
51,1910,"PENDLETON",1613,1613,0,0,302,98,113,150,66,270,103,113,110,46,2,240,1613,6,4,1,21191,21,729,642,1371,242
51,1990,"PULASKI",3161,3161,0,0,628,222,240,300,135,620,173,265,244,101,1,232,3161,6,4,1,21199,21,1525,1403,2928,233
51,2090,"SCOTT",8007,8007,0,0,1232,476,503,605,325,1178,446,572,497,251,12,1910,8007,6,4,1,21209,21,3141,2944,6085,1922
51,2110,"SHELBY",8191,8191,0,0,1391,490,558,701,323,1340,474,616,553,235,23,1487,8191,6,4,1,21211,21,3463,3218,6681,1510
51,2270,"WARREN",4686,4686,0,0,945,350,279,352,207,886,293,359,403,177,4,431,4686,6,4,1,21227,21,2133,2118,4251,435
51,2290,"WASHINGTON",9050,9050,0,0,1606,611,520,799,342,1542,557,670,689,275,17,1422,9050,6,4,1,21229,21,3878,3733,7611,1439
51,2390,"WOODFORD",6624,6624,0,0,866,330,415,442,256,847,329,455,329,233,15,2107,6624,6,4,1,21239,21,2309,2193,4502,2122
51,0,"KENTUCKY",220955,220955,0,0,37274,14045,15705,17699,9233,34949,13433,15524,14934,7075,741,40343,220955,6,4,2,21000,21,93956,85915,179871,41084
52,10,"ALLEGANY",6303,6303,0,0,1121,498,454,551,337,1094,402,482,494,270,101,499,6303,5,3,1,24001,24,2961,2742,5703,600
52,30,"ANNE ARUNDEL",22623,22623,0,0,1962,879,944,1178,756,1730,862,1004,1039,676,1833,9760,22623,5,3,1,24003,24,5719,5311,11030,11593
52,50,"BALTIMORE",32516,32516,0,0,3820,1790,2295,2600,1894,3845,1752,2375,2414,1365,1536,6830,32516,5,3,1,24005,24,12399,11751,24150,8366
52,70,"CALVERT",8297,8297,0,0,648,311,322,415,192,633,332,425,413,198,307,4101,8297,5,3,1,24009,24,1888,2001,3889,4408
52,90,"CAROLINE",9226,9226,0,0,1082,575,752,689,327,1072,529,768,633,332,602,1865,9226,5,3,1,24011,24,3425,3334,6759,2467
52,130,"CECIL",9018,9018,0,0,1117,490,614,689,528,1026,421,602,602,453,373,2103,9018,5,3,1,24015,24,3438,3104,6542,2476
52,150,"CHARLES",19172,19172,0,0,1369,669,783,916,597,1365,795,1047,954,548,571,9558,19172,5,3,1,24017,24,4334,4709,9043,10129
52,170,"DORCHESTER",16346,16346,0,0,1611,816,910,947,456,1485,718,1025,1040,407,2365,4566,16346,5,3,1,24019,24,4740,4675,9415,6931
52,190,"FREDERICK",31523,31523,0,0,4679,1995,2452,2542,1846,4537,1901,2554,2409,1563,473,4572,31523,5,3,1,24021,24,13514,12964,26478,5045
52,230,"HARFORD",17626,17626,0,0,2074,992,1047,1095,921,1918,917,1147,1102,805,1344,4264,17626,5,3,1,24025,24,6129,5889,12018,5608
52,270,"KENT",11771,11771,0,0,824,474,575,633,310,770,290,711,600,324,1786,4474,11771,5,3,1,24029,24,2816,2695,5511,6260
52,290,"MONTGOMERY",15058,15058,0,0,1451,619,760,824,584,1409,826,835,702,498,262,6288,15058,5,3,1,24031,24,4238,4270,8508,6550
52,310,"PRINCE GEORGES",21185,21185,0,0,1294,593,718,911,623,1307,486,996,846,572,648,12191,21185,5,3,1,24033,24,4139,4207,8346,12839
52,330,"QUEEN ANNES",14857,14857,0,0,1158,577,778,810,356,1117,560,880,765,314,1025,6517,14857,5,3,1,24035,24,3679,3636,7315,7542
52,350,"SOMERSET",17358,17358,0,0,1511,747,915,994,480,1330,846,1072,920,525,586,7432,17358,5,3,1,24039,24,4647,4693,9340,8018
52,370,"ST MARYS",13699,13699,0,0,1023,569,563,689,451,873,514,746,797,453,622,6399,13699,5,3,1,24037,24,3295,3383,6678,7021
52,390,"TALBOT",13436,13436,0,0,1099,554,754,766,393,1047,496,842,719,400,1591,4775,13436,5,3,1,24041,24,3566,3504,7070,6366
52,410,"WASHINGTON",18650,18650,0,0,2975,1272,1509,1681,1036,2848,1206,1351,1463,767,342,2200,18650,5,3,1,24043,24,8473,7635,16108,2542
52,450,"WORCESTER",16370,16370,0,0,1999,1123,909,1329,596,1715,963,1087,1132,670,449,4398,16370,5,3,1,24047,24,5956,5567,11523,4847
52,5100,"BALTIMORE CITY",26514,26514,26514,26514,3035,1849,3180,2519,711,2675,1621,2418,2126,766,2771,2843,26514,5,3,1,24510,24,11294,9606,20900,5614
52,0,"MARYLAND",341548,341548,26514,26514,35852,17392,21234,22778,13394,33796,16437,22367,21170,11906,19587,105635,341548,5,3,2,24000,24,110650,105676,216326,125222
54,90,"BLOUNT",5587,5587,0,0,1013,413,531,497,242,964,446,528,417,189,2,345,5587,6,4,1,47009,47,2696,2544,5240,347
54,190,"CARTER",4813,4813,0,0,1103,408,324,326,111,1035,419,400,278,105,96,208,4813,6,4,1,47019,47,2272,2237,4509,304
54,370,"DAVIDSON",9965,9965,0,0,1369,470,770,803,273,1308,490,644,518,216,17,3087,9965,6,4,1,47037,47,3685,3176,6861,3104
54,570,"GRAINGER",7367,7367,0,0,1493,585,562,477,325,1542,593,544,457,293,0,496,7367,6,4,1,47057,47,3442,3429,6871,496
54,590,"GREENE",7610,7610,0,0,1449,579,619,582,412,1344,530,741,544,337,2,471,7610,6,4,1,47059,47,3641,3496,7137,473
54,730,"HAWKINS",6563,6563,0,0,1195,398,334,702,269,1159,404,405,604,197,85,811,6563,6,4,1,47073,47,2898,2769,5667,896
54,900,"JEFFERSON-COCKE",9017,9017,0,0,1719,671,731,706,456,1584,642,762,662,362,27,695,9017,6,4,1,,47,4283,4012,8295,722
54,930,"KNOX",12446,12446,0,0,2395,847,1118,996,491,2219,748,1003,873,439,19,1298,12446,6,4,1,47093,47,5847,5282,11129,1317
54,1250,"MONTGOMERY",2899,2899,0,0,462,160,227,222,87,371,160,137,172,80,0,821,2899,6,4,1,47125,47,1158,920,2078,821
54,1470,"ROBERTSON",4280,4280,0,0,715,246,315,358,145,653,246,316,293,127,3,863,4280,6,4,1,47147,47,1779,1635,3414,866
54,1550,"SEVIER",3419,3419,0,0,623,280,291,372,167,643,239,267,236,137,2,162,3419,6,4,1,47155,47,1733,1522,3255,164
54,1590,"SMITH",4294,4294,0,0,762,255,389,388,141,747,250,318,342,101,4,597,4294,6,4,1,47159,47,1935,1758,3693,601
54,1630,"SULLIVAN",10218,10218,0,0,2077,853,708,634,341,2185,814,1277,500,321,17,491,10218,6,4,1,47163,47,4613,5097,9710,508
54,1650,"SUMNER",4616,4616,0,0,658,254,373,306,175,625,269,274,271,127,0,1284,4616,6,4,1,47165,47,1766,1566,3332,1284
54,1790,"WASHINGTON",6379,6379,0,0,1140,477,555,459,340,1110,463,542,442,293,25,533,6379,6,4,1,47179,47,2971,2850,5821,558
54,1870,"WILLIAMSON",2868,2868,0,0,483,127,196,256,72,434,149,196,180,81,1,693,2868,6,4,1,47187,47,1134,1040,2174,694
54,1890,"WILSON",3261,3261,0,0,571,171,239,268,78,527,180,200,203,86,9,729,3261,6,4,1,47189,47,1327,1196,2523,738
54,0,"TENNESSEE",105602,105602,0,0,19227,7194,8282,8352,4125,18450,7042,8554,6992,3491,309,13584,105602,6,4,2,47000,47,47180,44529,91709,13893
98,10,"DIST. COLUMBIA",14093,14093,11174,0,1588,671,1178,1332,539,1577,663,1027,1028,463,783,3244,14093,5,3,1,11000,11,5308,4758,10066,4027
98,0,"DIST. COLUMBIA",14093,14093,11174,0,1588,671,1178,1332,539,1577,663,1027,1028,463,783,3244,14093,5,3,2,11000,11,5308,4758,10066,4027
100,0,"UNITED STATES",5306526,5308483,322371,128249,763418,343071,392756,432174,262487,725197,323648,401499,411694,248030,108395,893041,5305941,,,3,,100,2193906,2110068,4303974,1001436
